query,clicks,impressions,ctr,position
claude codex,21,382,"5,5 %","3,4"
codex claude,12,143,"8,4 %","3,0"
codex vs claude code vs github copilot,1,38,"2,6 %","5,9"
github copilot vs claude code vs codex,1,37,"2,7 %","5,6"
claude code codex,1,36,"2,8 %","5,0"
claude code vs codex vs github copilot,1,27,"3,7 %","7,8"
bash_max_output_length,1,10,10 %,"7,7"
copilot vs claude code vs codex,1,7,"14,3 %","6,1"
github copilot vs claude vs codex,1,7,"14,3 %","6,4"
claud codex,1,4,25 %,"1,2"
claude/codex,1,4,25 %,"1,8"
"""claudecode.environmentvariables"": [",1,4,25 %,"3,8"
"""claudecode.environmentvariables"" vscode",1,4,25 %,"6,2"
caude codex,1,3,"33,3 %","2,0"
codex for claude,1,2,50 %,"4,0"
claude security review plugin,1,2,50 %,"5,0"
anthropic_api_key=sk-ant leaked environment,0,96,0 %,"6,9"
what is the primary difference between plan mode and thinking mode in claude code?,0,38,0 %,"10,0"
codex claude code,0,33,0 %,"6,9"
github copilot vs codex vs claude code,0,27,0 %,"6,4"
"""claudecode.environmentvariables""",0,17,0 %,"7,8"
copilot vs claude code,0,14,0 %,"44,0"
copilot vs claude vs codex,0,13,0 %,"4,9"
claude documentation,0,13,0 %,"9,2"
claude code vs codex vs copilot,0,12,0 %,"6,3"
claude code anthropic_base_url environment variable,0,12,0 %,"9,2"
claude doc,0,12,0 %,"10,7"
codex vs claude code vs copilot,0,11,0 %,"6,6"
claude code security best practices,0,11,0 %,"8,3"
claude vs copilot,0,10,0 %,"1,0"
claude code vs copilot,0,10,0 %,"43,0"
codex vs claude vs copilot,0,9,0 %,"5,7"
claude vs codex vs copilot,0,9,0 %,"7,1"
claude code vs github copilot vs codex,0,7,0 %,"2,4"
claude code environment variables,0,7,0 %,"7,0"
master codex,0,7,0 %,"7,1"
claude environment variables,0,7,0 %,"7,4"
claude code max_thinking_tokens environment variable,0,7,0 %,"8,1"
claude code no_proxy,0,7,0 %,"9,0"
copilot vs codex vs claude code,0,7,0 %,"11,3"
copilot vs claude,0,6,0 %,"1,0"
claude security guidance,0,6,0 %,"5,5"
codex vs claude vs github copilot,0,6,0 %,"6,7"
claude code anthropic_api_key environment variable,0,6,0 %,"9,7"
claude.md codex,0,5,0 %,"4,4"
codex vs github copilot vs claude code,0,5,0 %,"4,4"
what is the primary difference between plan mode and thinking mode in claude code,0,5,0 %,"4,4"
claude code security documentation,0,5,0 %,"4,6"
claude code + codex,0,5,0 %,"5,0"
codex cli proxy environment variables http_proxy https_proxy,0,5,0 %,"7,0"
claude_code_max_output_tokens environment variable configuration,0,5,0 %,"7,6"
claude code anthropic_model environment variable,0,5,0 %,"10,8"
"""sk-ant-api03""",0,5,0 %,"116,2"
claude max vs copilot,0,4,0 %,"1,0"
masterclaudecode,0,4,0 %,"2,5"
codex claude md,0,4,0 %,"3,5"
claude code vs github copilot limits,0,4,0 %,"3,8"
codex claude.md,0,4,0 %,"4,5"
claude code environment variables anthropic_api_key anthropic_base_url,0,4,0 %,"5,8"
claude code vs github copilot workspace,0,4,0 %,"6,8"
anthropic api key environment variable anthropic_api_key docs,0,4,0 %,"7,0"
plan mode vs thinking mode,0,4,0 %,"7,0"
codex ultrathink,0,4,0 %,"7,2"
"""claudecode.environmentvariables"" settings.json",0,4,0 %,"7,8"
claude code settings.json environment variables configuration,0,4,0 %,"10,0"
copilot claude limits,0,4,0 %,"10,0"
anthropic_base_url claude code environment variable,0,4,0 %,"10,2"
claude extended thinking,0,4,0 %,"11,5"
extended thinking claude,0,4,0 %,"16,2"
claude max vs github copilot,0,4,0 %,"17,5"
github copilot vs claude code,0,4,0 %,"38,8"
mcp codex claude,0,3,0 %,"1,7"
github copilot vs codex vs claude,0,3,0 %,"3,7"
codex claude mcp,0,3,0 %,"4,0"
claude code vs github copilot codex,0,3,0 %,"4,3"
codex mcp claude,0,3,0 %,"4,3"
primary difference between plan mode and thinking mode in claude code,0,3,0 %,"5,0"
madseer codex,0,3,0 %,"5,3"
claudecode.environmentvariables,0,3,0 %,"5,7"
codex prompting guide,0,3,0 %,"6,3"
codex voice mode,0,3,0 %,"6,7"
github copilot codex vs claude code,0,3,0 %,"7,0"
claude agent teams,0,3,0 %,"7,3"
claude code claude.md context management,0,3,0 %,"7,7"
claude code environment variables documentation,0,3,0 %,"7,7"
"export anthropic_api_key=""sk-ant-...""",0,3,0 %,"7,7"
claude prompting guide,0,3,0 %,"8,0"
max_thinking_tokens claude code environment variable,0,3,0 %,"8,7"
claude agents features,0,3,0 %,"9,0"
claude code claude_code_effort_level environment variable,0,3,0 %,"9,0"
claude code environment variables api base url,0,3,0 %,"9,0"
best codex plugins,0,3,0 %,"9,3"
claude code env vars docs,0,3,0 %,"9,7"
claude_config_dir environment variable,0,3,0 %,"9,7"
copilot claude limit,0,3,0 %,"10,3"
claude docs,0,3,0 %,"11,7"
github copilot vs claude max,0,3,0 %,"12,0"
github copilot claude limits,0,3,0 %,"15,7"
claude code agents,0,3,0 %,"19,3"
claude code,0,3,0 %,"54,3"
clode codex,0,2,0 %,"1,0"
codex + claude,0,2,0 %,"1,0"
"difference between claude code, codex and git hub copilot",0,2,0 %,"1,0"
claude code vs copilot pricing,0,2,0 %,"1,5"
dex claude,0,2,0 %,"2,0"
claude + codex,0,2,0 %,"2,5"
github copilot vs claude code limits,0,2,0 %,"2,5"
anthropic claude code proxy http_proxy https_proxy official docs,0,2,0 %,"3,0"
calude codex,0,2,0 %,"3,0"
claude code.environment variables,0,2,0 %,"3,5"
codex with claude,0,2,0 %,"3,5"
claude --print,0,2,0 %,"4,0"
claude coxe,0,2,0 %,"4,0"
claude dex,0,2,0 %,"4,0"
claude code environment variables anthropic_base_url anthropic_api_key official docs,0,2,0 %,"4,5"
claude mcp codex,0,2,0 %,"4,5"
claude code vs github copilot codex comparison,0,2,0 %,"6,0"
codex + claude code,0,2,0 %,"6,0"
bash_max_timeout_ms,0,2,0 %,"6,5"
claude code & codex,0,2,0 %,"6,5"
claude code agents docs,0,2,0 %,"6,5"
claude code proxy environment variables,0,2,0 %,"6,5"
codex plugin claude,0,2,0 %,"6,5"
what are agents in claude code,0,2,0 %,"6,5"
claude code fr,0,2,0 %,"7,0"
claude code reference,0,2,0 %,"7,0"
claude code voice mode,0,2,0 %,"7,0"
claude code web environment variables,0,2,0 %,"7,0"
claude disable extended thinking,0,2,0 %,"7,0"
"""claudecode.environmentvariables"" vs code",0,2,0 %,"7,5"
claudecodex,0,2,0 %,"7,5"
codex in claude,0,2,0 %,"7,5"
codex master,0,2,0 %,"7,5"
"""anthropic_api_key"" ""codex""",0,2,0 %,"8,0"
claude code agent docs,0,2,0 %,"8,0"
claude code environment variables anthropic_base_url anthropic_api_key,0,2,0 %,"8,0"
claude code security guidance plugin,0,2,0 %,"8,0"
claude subagent,0,2,0 %,"8,0"
anthropic api environment variables,0,2,0 %,"8,5"
anthropic claude code proxy environment variables,0,2,0 %,"8,5"
claude code configuration environment variables anthropic_base_url,0,2,0 %,"8,5"
codex vs claude code vs github copilot comparison,0,2,0 %,"8,5"
"""claudecode.environmentvariables"":",0,2,0 %,"9,0"
claude code anthropic base url environment variable,0,2,0 %,"9,0"
claude code mcp security best practices,0,2,0 %,"9,0"
claude code security plugin,0,2,0 %,"9,0"
github copilot equivalent to claude.md,0,2,0 %,"9,0"
claude code subagent,0,2,0 %,"9,5"
codex plugin vs mcp,0,2,0 %,"9,5"
anthropic_base_url,0,2,0 %,"10,0"
claude code custom agents docs,0,2,0 %,"10,0"
claude_code_disable_adaptive_thinking environment variable,0,2,0 %,"10,0"
codex mcp sse,0,2,0 %,"10,0"
github copilot workspace vs claude code,0,2,0 %,"10,0"
anthropic claude code anthropic_api_key environment variable docs,0,2,0 %,"10,5"
claude code vs copilot vs codex,0,2,0 %,"10,5"
claude code default model environment variable,0,2,0 %,"11,0"
claude code cli environment variables anthropic_base_url,0,2,0 %,"15,0"
claude code cli set proxy environment variable,0,2,0 %,"17,0"
codex vs copilot vs claude code,0,2,0 %,"20,0"
what are claude agents,0,2,0 %,"28,0"
use agents in claude code,0,2,0 %,"33,0"
openai codex vs github copilot vs claude,0,2,0 %,"38,5"
can i use claude with codex,0,2,0 %,"40,0"
claude agents,0,2,0 %,"56,5"
dev skill,0,2,0 %,"70,5"
claude or copilot,0,1,0 %,"1,0"
claude vs co pilot,0,1,0 %,"1,0"
claude-code.environmentvariables,0,1,0 %,"1,0"
claude_code_disable_nonessential_traffic environment variable,0,1,0 %,"1,0"
extended thinking,0,1,0 %,"1,0"
openclaude codex,0,1,0 %,"1,0"
refactoring,0,1,0 %,"1,0"
so which one is best?,0,1,0 %,"1,0"
what is the primary difference between plan mode and thinking mode in claude code? plan mode is for writing code while thinking mode is for debugging plan mode is faster while thinking mode is more accurate plan mode uses fewer tokens while thinking mode uses more tokens plan mode handles breadth (multi-step tasks) while thinking mode handles depth (complex logic),0,1,0 %,"1,0"
which is better,0,1,0 %,"1,0"
claude code agent definition,0,1,0 %,"2,0"
claude code env vars,0,1,0 %,"2,0"
claude code vs github copilot chat,0,1,0 %,"2,0"
codex cloude,0,1,0 %,"2,0"
is it worth the price,0,1,0 %,"2,0"
"""claude code""",0,1,0 %,"3,0"
anthropic claude code proxy environment variables official docs,0,1,0 %,"3,0"
claude code agent roles,0,1,0 %,"3,0"
claude code extension vs github copilot,0,1,0 %,"3,0"
claude code security guidance,0,1,0 %,"3,0"
claude codex mcp,0,1,0 %,"3,0"
claude deks,0,1,0 %,"3,0"
claude md codex,0,1,0 %,"3,0"
clude codex,0,1,0 %,"3,0"
codex claude code skills,0,1,0 %,"3,0"
codex plugin for claude code,0,1,0 %,"3,0"
open claude codex,0,1,0 %,"3,0"
claude code + codex mcp,0,1,0 %,"4,0"
claude code environment variable anthropic_base_url documentation,0,1,0 %,"4,0"
claude code environment variables anthropic_base_url proxy,0,1,0 %,"4,0"
claude code microphone,0,1,0 %,"4,0"
claude mcp transport,0,1,0 %,"4,0"
claude to codex,0,1,0 %,"4,0"
claude with codex,0,1,0 %,"4,0"
codex mcp claude code,0,1,0 %,"4,0"
mcp claude codex,0,1,0 %,"4,0"
"""claudecode.environmentvariables"": [ ]",0,1,0 %,"5,0"
anthropic env variables,0,1,0 %,"5,0"
claude code environment,0,1,0 %,"5,0"
claude prompting guide.md,0,1,0 %,"5,0"
claude_config_dir claude code docs,0,1,0 %,"5,0"
cloude codex,0,1,0 %,"5,0"
code codex claude codesrivastavreach_vb,0,1,0 %,"5,0"
codex agent sdk,0,1,0 %,"5,0"
refine with ultraplan,0,1,0 %,"5,0"
security - claude code docs,0,1,0 %,"5,0"
anthropic api key environment variable anthropic_api_key official docs,0,1,0 %,"6,0"
claude code prompting guide,0,1,0 %,"6,0"
claude codex free,0,1,0 %,"6,0"
claude codex skills,0,1,0 %,"6,0"
claude disable_autoupdater,0,1,0 %,"6,0"
claude env variables,0,1,0 %,"6,0"
claude plugins codex,0,1,0 %,"6,0"
codex and claude,0,1,0 %,"6,0"
codex to claude,0,1,0 %,"6,0"
how to download claude plugins,0,1,0 %,"6,0"
mastering codex,0,1,0 %,"6,0"
claude code anthropic api key environment variable,0,1,0 %,"7,0"
claude code codex github copilot,0,1,0 %,"7,0"
claude code env variables,0,1,0 %,"7,0"
claude code environment variables anthropic_base_url docs,0,1,0 %,"7,0"
claude code security,0,1,0 %,"7,0"
claude codo,0,1,0 %,"7,0"
claude env vars,0,1,0 %,"7,0"
claude prompting documentation,0,1,0 %,"7,0"
claude reference,0,1,0 %,"7,0"
claude_code_disable_terminal_title,0,1,0 %,"7,0"
claude_code_max_context_tokens environment variable,0,1,0 %,"7,0"
claude_code_max_output_tokens environment variable how to set,0,1,0 %,"7,0"
codex claudecode,0,1,0 %,"7,0"
codex subagent,0,1,0 %,"7,0"
codex thinking mode,0,1,0 %,"7,0"
copilot claude codex,0,1,0 %,"7,0"
github copilot claude code codex,0,1,0 %,"7,0"
ultraplan claude code on the web,0,1,0 %,"7,0"
"""claudecode.environmentvariables"" ""anthropic_base_url""",0,1,0 %,"8,0"
anthropic claude code environment variables anthropic_base_url,0,1,0 %,"8,0"
anthropic model environment variable,0,1,0 %,"8,0"
anthropic_model environment variable,0,1,0 %,"8,0"
claude ai codex,0,1,0 %,"8,0"
claude claude_config_dir,0,1,0 %,"8,0"
claude code anthropic_base_url env var,0,1,0 %,"8,0"
claude code anthropic_base_url environment variable configuration,0,1,0 %,"8,0"
claude code docs environment variables anthropic_base_url,0,1,0 %,"8,0"
claude code environment variables anthropic_base_url,0,1,0 %,"8,0"
claude instructions,0,1,0 %,"8,0"
claude mcp add magic,0,1,0 %,"8,0"
claude team agents,0,1,0 %,"8,0"
claude_code_effort_level env var,0,1,0 %,"8,0"
codex claude code codesrivastavreach_vb,0,1,0 %,"8,0"
copilot vs codex vs claude,0,1,0 %,"8,0"
dictate claude,0,1,0 %,"8,0"
plan mode vs thinking mode claude code,0,1,0 %,"8,0"
anthropic_model env,0,1,0 %,"9,0"
claide codex,0,1,0 %,"9,0"
claude agents folder,0,1,0 %,"9,0"
claude bash_max_output_length,0,1,0 %,"9,0"
claude code bonnes pratiques,0,1,0 %,"9,0"
claude code codex skill,0,1,0 %,"9,0"
claude code custom base url environment variable,0,1,0 %,"9,0"
claude code environment variable,0,1,0 %,"9,0"
claude code environment variables anthropic_api_key,0,1,0 %,"9,0"
claude code environment variables anthropic_base_url official,0,1,0 %,"9,0"
claude code environment variables anthropic_model,0,1,0 %,"9,0"
claude code on codex,0,1,0 %,"9,0"
claude code proxy configuration environment variables,0,1,0 %,"9,0"
claude code proxy environment variables http_proxy https_proxy,0,1,0 %,"9,0"
claude code vs github copilot vs codex comparison,0,1,0 %,"9,0"
claude md for codex,0,1,0 %,"9,0"
claude teams agent,0,1,0 %,"9,0"
claude_code_max_output_tokens settings.json,0,1,0 %,"9,0"
claude_model,0,1,0 %,"9,0"
codex cheatsheet,0,1,0 %,"9,0"
codex prompt template,0,1,0 %,"9,0"
enable voice in claude code,0,1,0 %,"9,0"
github copilot codex claude code,0,1,0 %,"9,0"
security guidance claude code,0,1,0 %,"9,0"
subagents claude code,0,1,0 %,"9,0"
agents md claude code,0,1,0 %,"10,0"
claude artifacts vs github copilot workspace,0,1,0 %,"10,0"
claude code agent documentation,0,1,0 %,"10,0"
claude code agents teams,0,1,0 %,"10,0"
claude code authentication environment variables,0,1,0 %,"10,0"
claude code cli voice mode,0,1,0 %,"10,0"
claude code dictation macos,0,1,0 %,"10,0"
claude code docs environment variables anthropic_api_key,0,1,0 %,"10,0"
claude code env config,0,1,0 %,"10,0"
claude code environment variables list,0,1,0 %,"10,0"
claude code proxy settings environment variables,0,1,0 %,"10,0"
claude code sandbox security best practices,0,1,0 %,"10,0"
"claude code vs code ""claudecode.environmentvariables""",0,1,0 %,"10,0"
claude codex copilot,0,1,0 %,"10,0"
claude codex plugin,0,1,0 %,"10,0"
claude_config_dir,0,1,0 %,"10,0"
claudecodedocs,0,1,0 %,"10,0"
cluade code codex,0,1,0 %,"10,0"
codex slack mcp,0,1,0 %,"10,0"
codex sse mcp,0,1,0 %,"10,0"
how to set claude_code_max_output_tokens environment variable,0,1,0 %,"10,0"
how to use voice to text in claude,0,1,0 %,"10,0"
kodeclaude,0,1,0 %,"10,0"
refine with ultraplan claude code,0,1,0 %,"10,0"
voice mode claude code,0,1,0 %,"10,0"
"""refine with ultraplan"" claude code",0,1,0 %,"11,0"
anthropic_base_url=,0,1,0 %,"11,0"
claude code api_timeout_ms environment variable,0,1,0 %,"11,0"
claude code environment variable anthropic_api_key,0,1,0 %,"11,0"
claude code global commands,0,1,0 %,"11,0"
claude code plan mode vs thinking mode,0,1,0 %,"11,0"
claude voice mode,0,1,0 %,"11,0"
security plugin claude code,0,1,0 %,"11,0"
set claude_code_max_output_tokens environment variable,0,1,0 %,"11,0"
skills vs mcps,0,1,0 %,"11,0"
claude code max vs github copilot,0,1,0 %,"12,0"
claude code anthropic_base_url environment variable setup,0,1,0 %,"13,0"
claude code disable_telemetry environment variable,0,1,0 %,"13,0"
claude_code_max_output_tokens claude code environment variable,0,1,0 %,"14,0"
codex best plugins,0,1,0 %,"15,0"
claude code cli set proxy environment variables,0,1,0 %,"17,0"
claude code cli proxy environment variables,0,1,0 %,"19,0"
claude agent,0,1,0 %,"21,0"
claude code agent,0,1,0 %,"22,0"
voice mode claude,0,1,0 %,"23,0"
what is a claude agent,0,1,0 %,"27,0"
agents claude,0,1,0 %,"28,0"
using claude agents,0,1,0 %,"32,0"
claude coding agents,0,1,0 %,"34,0"
does codex read claude.md,0,1,0 %,"35,0"
claude vs copilot for coding,0,1,0 %,"36,0"
clauxe,0,1,0 %,"37,0"
skill claude code,0,1,0 %,"43,0"
extended thinking claude code,0,1,0 %,"48,0"
codex vs copilot in vscode,0,1,0 %,"49,0"
claude plugins,0,1,0 %,"50,0"
mcp embarqué,0,1,0 %,"50,0"
claude code plugin,0,1,0 %,"55,0"
claude skill,0,1,0 %,"72,0"
code source claude,0,1,0 %,"76,0"
claude skills,0,1,0 %,"80,0"
claude code templates,0,1,0 %,"96,0"
claude code model,0,1,0 %,"97,0"
"""anthropic_api_key=""",0,1,0 %,"138,0"
