url,clicks,impressions,ctr,position
https://claude-codex.fr/,41,715,"5,7 %","4,4"
https://claude-codex.fr/en/limits/vs-copilot/,12,1 253,1 %,"7,6"
https://claude-codex.fr/en/reference/environment/,8,1 129,"0,7 %","7,7"
https://claude-codex.fr/fr/,8,156,"5,1 %","3,2"
https://claude-codex.fr/en/reference/environment,2,904,"0,2 %","9,3"
https://claude-codex.fr/fr/content/bonnes-pratiques-securite/,2,267,"0,7 %","7,3"
https://claude-codex.fr/en/prompting/power-tips,2,33,"6,1 %","6,6"
https://claude-codex.fr/en/limits/vs-copilot,1,311,"0,3 %","6,3"
https://claude-codex.fr/en/,1,89,"1,1 %","5,7"
https://claude-codex.fr/fr/prompting/thinking-and-planning/,1,43,"2,3 %","5,7"
https://claude-codex.fr/en/skills/what-are-skills/,1,24,"4,2 %","6,5"
https://claude-codex.fr/en/plugins/best-security/,1,24,"4,2 %","7,2"
https://claude-codex.fr/fr/content/prompting-guide/,1,23,"4,3 %","7,0"
https://claude-codex.fr/fr/future/,1,15,"6,7 %","6,1"
https://claude-codex.fr/en/prompting/templates/,1,12,"8,3 %","6,1"
https://claude-codex.fr/skills/what-are-skills,1,11,"9,1 %","7,4"
https://claude-codex.fr/en/limits/when-not-to-use/,1,6,"16,7 %","9,8"
https://claude-codex.fr/en/agents/best-agents,1,3,"33,3 %","5,3"
https://claude-codex.fr/fr/use-cases/no-code,1,3,"33,3 %","7,7"
https://claude-codex.fr/fr/use-cases/no-code/,1,2,50 %,"3,0"
https://claude-codex.fr/en/skills,1,1,100 %,"5,0"
https://claude-codex.fr/en/content/bonnes-pratiques-securite/,0,231,0 %,"7,0"
https://claude-codex.fr/en/prompting/thinking-and-planning/,0,120,0 %,"9,3"
https://claude-codex.fr/fr/limits/vs-copilot/,0,84,0 %,"7,5"
https://claude-codex.fr/mcp/what-are-mcps,0,82,0 %,"6,4"
https://claude-codex.fr/en/skills/best-skills,0,80,0 %,"7,3"
https://claude-codex.fr/en/reference/cheatsheet/,0,67,0 %,"8,0"
https://claude-codex.fr/en/agents/what-are-agents/,0,58,0 %,"13,4"
https://claude-codex.fr/en/mcp/advanced-protocol,0,49,0 %,"7,3"
https://claude-codex.fr/fr/content/skills-guide/,0,41,0 %,"14,8"
https://claude-codex.fr/en/reference/,0,37,0 %,"12,7"
https://claude-codex.fr/en/prompting/context-management,0,35,0 %,"8,0"
https://claude-codex.fr/en/prompting/templates,0,35,0 %,"10,5"
https://claude-codex.fr/en/plugins/setup,0,31,0 %,"6,5"
https://claude-codex.fr/en/mcp/advanced-protocol/,0,30,0 %,"9,2"
https://claude-codex.fr/en/prompting/context-management/,0,29,0 %,"7,2"
https://claude-codex.fr/fr/agents/what-are-agents/,0,22,0 %,"8,4"
https://claude-codex.fr/en/reference/voice-mode,0,21,0 %,"9,1"
https://claude-codex.fr/en/skills/comparison/,0,20,0 %,"7,6"
https://claude-codex.fr/en/agents/agent-sdk/,0,20,0 %,"8,0"
https://claude-codex.fr/en/content/,0,18,0 %,"7,5"
https://claude-codex.fr/en/plugins/best-design/,0,18,0 %,"8,8"
https://claude-codex.fr/en/reference/voice-mode/,0,17,0 %,"8,4"
https://claude-codex.fr/fr/reference/environment/,0,15,0 %,"7,3"
https://claude-codex.fr/en/plugins/best-design,0,15,0 %,"7,5"
https://claude-codex.fr/fr/limits/when-not-to-use/,0,14,0 %,"7,6"
https://claude-codex.fr/fr/reference/,0,14,0 %,"8,1"
https://claude-codex.fr/fr/configurator/,0,13,0 %,"10,3"
https://claude-codex.fr/en/plugins/best-essential/,0,12,0 %,"9,1"
https://claude-codex.fr/en/plugins/setup/,0,12,0 %,"10,1"
https://claude-codex.fr/en/plugins,0,12,0 %,"14,3"
https://claude-codex.fr/en,0,10,0 %,"7,4"
https://claude-codex.fr/fr/skills/,0,10,0 %,"7,4"
https://claude-codex.fr/en/use-cases/,0,9,0 %,"17,1"
https://claude-codex.fr/content,0,8,0 %,"7,6"
https://claude-codex.fr/fr/content/,0,7,0 %,"6,4"
https://claude-codex.fr/en/advanced/ultraplan/,0,7,0 %,"7,3"
https://claude-codex.fr/en/configurator,0,7,0 %,"8,3"
https://claude-codex.fr/fr/prompting/power-tips/,0,6,0 %,"6,8"
https://claude-codex.fr/fr/agents/agent-teams/,0,6,0 %,"8,2"
https://claude-codex.fr/en/plugins/best-essential,0,5,0 %,"5,8"
https://claude-codex.fr/en/configurator/,0,5,0 %,"7,6"
https://claude-codex.fr/prompting/thinking-and-planning,0,5,0 %,"7,8"
https://claude-codex.fr/fr/use-cases/,0,5,0 %,"10,0"
https://claude-codex.fr/en/plugins/,0,4,0 %,"6,8"
https://claude-codex.fr/fr/plugins/best-design/,0,4,0 %,"6,8"
https://claude-codex.fr/en/future/,0,4,0 %,"7,0"
https://claude-codex.fr/fr/skills/what-are-skills/,0,4,0 %,"7,5"
https://claude-codex.fr/en/agents/what-are-agents,0,4,0 %,"7,8"
https://claude-codex.fr/fr/enterprise/tco-calculator/,0,4,0 %,"7,8"
https://claude-codex.fr/en/agents/background-agents/,0,4,0 %,"9,2"
https://claude-codex.fr/en/mcp/best-productivity/,0,3,0 %,"8,3"
https://claude-codex.fr/fr/agents/,0,3,0 %,"8,3"
https://claude-codex.fr/en/skills/best-skills/,0,3,0 %,"13,3"
https://claude-codex.fr/en/agents/best-agents/,0,2,0 %,"2,0"
https://claude-codex.fr/en/agents/performance-limits/,0,2,0 %,"3,0"
https://claude-codex.fr/en/skills/,0,2,0 %,"3,0"
https://claude-codex.fr/fr/prompting/templates/,0,2,0 %,"4,0"
https://claude-codex.fr/fr/plugins/,0,2,0 %,"6,5"
https://claude-codex.fr/fr/plugins/setup/,0,2,0 %,"8,0"
https://claude-codex.fr/en/skills/create-custom/,0,2,0 %,"8,5"
https://claude-codex.fr/fr/reference/cheatsheet/,0,2,0 %,"9,0"
https://claude-codex.fr/en/mcp/create-mcp-python/,0,1,0 %,"2,0"
https://claude-codex.fr/en/agents/create-subagent/,0,1,0 %,"3,0"
https://claude-codex.fr/en/agents/agent-teams/,0,1,0 %,"4,0"
https://claude-codex.fr/en/plugins/what-are-plugins,0,1,0 %,"5,0"
https://claude-codex.fr/en/prompting/mistakes,0,1,0 %,"5,0"
https://claude-codex.fr/fr/plugins/what-are-plugins/,0,1,0 %,"5,0"
https://claude-codex.fr/fr/use-cases/business/,0,1,0 %,"5,0"
https://claude-codex.fr/en/plugins/what-are-plugins/,0,1,0 %,"7,0"
https://claude-codex.fr/fr/agents/best-agents/,0,1,0 %,"7,0"
https://claude-codex.fr/fr/prompting/basics,0,1,0 %,"8,0"
https://claude-codex.fr/en/content/future-vision/,0,1,0 %,"9,0"
https://claude-codex.fr/en/prompting/directives,0,1,0 %,"11,0"
